date,EUR,CYP,MTL,SKK,CAD,HKD,CZK,DKK,ISK,ILS,JPY,KRW,NOK,SGD,SEK,CHF,GBP,CNY,FJD,INR,IDR,MYR,PHP,LKR,THB,VND,BGN,HRK,HUF,PLN,RON,TRY,RUB,DZD,EGP,KWD,MAD,PKR,SAR,TND,AED,GHS,ZAR,BRL,COP,HNL,JMD,MXN,PEN,TTD,UYU
2007-01-15,1.2989,2.2461,3.0251,0.037374,0.85039,0.1282,0.046615,0.17427,0.014275799999999996,0.23633,0.0083015,0.0010673,0.15697,0.65032,0.14301,0.8042199999999999,1.9588,0.12838,0.59734,0.022622,0.000110162,0.28509,0.020447,0.0092159,0.028327,6.2271e-05,0.66433,0.17625,0.0051112,0.33459,0.38286,0.70105,0.037739,0.0140794,0.175296,3.4578,0.1169,0.016418099999999998,0.26655,0.76154,0.27224,1.0830799999999998,0.139034,0.46759,0.0004471,0.052925,0.0148661,0.091271,0.31326,0.15799000000000002,0.041107
2007-02-15,1.3082200000000002,2.258,3.0478,0.037938,0.8542200000000001,0.12800999999999998,0.046315,0.17551,0.0148553,0.2371,0.008301000000000001,0.00106716,0.16171,0.65215,0.14238299999999998,0.80701,1.9584,0.12901,0.59667,0.022718,0.000110278,0.28605,0.020674,0.009202,0.029436,6.257100000000001e-05,0.66857,0.17772000000000002,0.0051628,0.33579000000000003,0.38691,0.7156100000000001,0.03801,0.0140511,0.175496,3.4584,0.117519,0.0164408,0.26661,0.76279,0.2723,1.08057,0.139326,0.47722,0.00044911,0.052925,0.0148183,0.090953,0.31347,0.15842,0.041219
2007-03-15,1.32449,2.2858,3.0879,0.039208,0.856,0.12799000000000002,0.04722,0.17779,0.0149318,0.23806,0.0085279,0.0010602,0.1628,0.65601,0.142468,0.8210299999999999,1.9472,0.12922,0.60324,0.022839,0.000109023,0.28653,0.020616,0.0091559,0.030502,6.233100000000001e-05,0.67699,0.17995,0.005308600000000001,0.34118000000000004,0.39332,0.7099300000000001,0.038313,0.0142303,0.175419,3.4599,0.118782,0.016453,0.2668,0.76673,0.27242,1.07854,0.136017,0.47857,0.00045455,0.052925,0.0147909,0.08995399999999999,0.31394,0.15897999999999998,0.04135
2007-04-15,1.35185,2.3315,3.1497,0.040393,0.88164,0.12795,0.048273,0.18138,0.0152809,0.24494,0.008409,0.0010744,0.16646,0.65997,0.146332,0.8251200000000001,1.9888,0.12947,0.61735,0.023805,0.000109986,0.29094000000000003,0.020901,0.009146,0.030745,6.2242e-05,0.69114,0.18247,0.0054959,0.35433000000000003,0.40555,0.73552,0.038723,0.0142709,0.175727,3.4576,0.120719,0.0164475,0.26662,0.77249,0.27233,1.07867,0.140786,0.49236,0.0004671,0.052925,0.0147485,0.091066,0.31463,0.15895,0.041681
2007-05-15,1.35169,2.3265,3.1488,0.040061,0.91333,0.1279,0.04785,0.1814,0.0158697,0.24976,0.0082793,0.00107823,0.16607,0.65652,0.146815,0.81893,1.9847,0.13028,0.61812,0.024647,0.000113119,0.29385,0.021344,0.0090241,0.030333,6.222899999999999e-05,0.69145,0.18444,0.005437600000000001,0.35732,0.41142,0.74931,0.038727,0.0142161,0.175738,3.4634,0.120736,0.0164791,0.26671,0.77103,0.27241,1.07732,0.14246199999999998,0.50388,0.00049927,0.052923000000000005,0.0146815,0.092396,0.31562,0.15918,0.041819
2007-06-15,1.34201,2.302,3.1274,0.039491000000000005,0.93882,0.12797,0.046997,0.18026,0.0159382,0.23899,0.0081502,0.00107736,0.16668,0.65052,0.143873,0.81099,1.9866,0.13105,0.6241,0.024642,0.000111348,0.29021,0.02166,0.0090109,0.030859,6.2007e-05,0.68591,0.18307,0.0053695,0.35283000000000003,0.41656,0.75789,0.038593,0.0141975,0.175576,3.4712,0.120105,0.0164802,0.26664,0.76684,0.27234,1.0774,0.139784,0.5173,0.00051865,0.05291900000000002,0.0146359,0.092304,0.31543000000000004,0.1587,0.041912
2007-07-15,1.37255,2.3534,3.2005,0.0412,0.95207,0.12788,0.048459,0.18447,0.0165135,0.23517,0.008234700000000001,0.00108882,0.17292000000000002,0.65974,0.149424,0.82836,2.0352,0.13205,0.6381899999999999,0.024818,0.00011021,0.29065,0.021936,0.0089544,0.032855,6.2111e-05,0.7018,0.18816,0.0055534,0.36413,0.43779,0.78065,0.039172000000000005,0.014360499999999997,0.17593599999999998,3.4961,0.122296,0.016541999999999998,0.26679,0.7801,0.27249,1.07557,0.14335,0.53145,0.00051251,0.052924,0.014574200000000002,0.092468,0.31637,0.15858,0.042174
2007-08-15,1.36171,2.3296,3.175,0.040509,0.94498,0.12796,0.048908,0.18295,0.015368200000000004,0.2373,0.0085705,0.00106922,0.1708,0.6565300000000001,0.145949,0.83088,2.0099,0.13204000000000002,0.61817,0.024563,0.000106695,0.28698,0.021651,0.008909299999999998,0.031306,6.1595e-05,0.69597,0.18613,0.0053339,0.35709,0.42197,0.75955,0.039011,0.0143746,0.176752,3.5488,0.121493,0.0165117,0.26669,0.7801100000000001,0.27239,1.06871,0.138404,0.50872,0.00048282,0.052922,0.0144863,0.090515,0.31669,0.15916,0.042441
2007-09-15,1.39215,2.3828,3.2430000000000003,0.041169,0.97527,0.1285,0.050512,0.18684,0.015715700000000003,0.24507,0.0086951,0.00107665,0.17803,0.66199,0.150091,0.84451,2.0183,0.13296,0.62251,0.024918,0.000107544,0.2881,0.021739,0.008820399999999999,0.03115,6.1751e-05,0.71105,0.19039,0.0054981000000000006,0.36789,0.41529,0.7950699999999999,0.039545,0.0146154,0.177627,3.5583,0.123681,0.0164851,0.26674000000000003,0.79125,0.27213000000000004,1.06123,0.14084000000000002,0.52641,0.00047454,0.052924,0.0143156,0.090639,0.31903000000000004,0.15949000000000002,0.043085000000000005
2007-10-15,1.42351,2.4362,3.3146,0.04237,1.0254,0.12895,0.052092999999999993,0.191,0.0164837,0.24922,0.0086333,0.00109285,0.18502,0.6826,0.15515199999999998,0.8517399999999999,2.0448,0.13329000000000002,0.6443300000000001,0.025381,0.000109855,0.29642,0.022643,0.0088616,0.031659,6.2221e-05,0.72753,0.19423,0.005673,0.38465,0.42466,0.83224,0.040199,0.0147863,0.180422,3.5846,0.12604400000000002,0.0164753,0.26719,0.80067,0.27219,1.05443,0.147991,0.5557,0.00050002,0.052926,0.0141218,0.092412,0.33094,0.15943,0.045006
2007-11-15,1.4681799999999998,2.513,3.4303,0.044157,1.034,0.12857000000000002,0.05498,0.19695,0.016436000000000003,0.25585,0.0090027,0.00108886,0.18459,0.6912699999999999,0.158083,0.89023,2.07,0.13475,0.64999,0.025415,0.0001078,0.29788000000000003,0.023217,0.009057,0.03184,6.2283e-05,0.7501399999999999,0.20015,0.005770600000000001,0.40163,0.42235,0.84049,0.040879,0.0149843,0.181395,3.6333,0.129315,0.016374899999999998,0.26856,0.81845,0.27282,1.03146,0.149063,0.56586,0.0004881000000000001,0.05293,0.0140353,0.091902,0.33321,0.15943,0.045749
2007-12-15,1.45591,2.4875,3.3955,0.043557,0.99686,0.12824000000000002,0.055316,0.19517,0.0160425,0.25597,0.008898999999999999,0.00107411,0.18178,0.69021,0.1544,0.87739,2.0173,0.13568,0.64253,0.025405,0.000106967,0.29994,0.024085,0.0091786,0.032977,6.2382e-05,0.74408,0.19899999999999998,0.005749100000000001,0.40429,0.4129600000000001,0.8475600000000001,0.040688,0.0148939,0.180775,3.6476,0.128375,0.0163407,0.26688,0.81447,0.27233,1.03253,0.146308,0.55966,0.00049652,0.052924,0.0140449,0.092174,0.33546,0.15951,0.04616
2008-01-15,1.47136,2.5140000000000002,3.4274,0.043874,0.98899,0.12812,0.056463,0.1975,0.0155924,0.26742,0.0092817,0.00106073,0.1849,0.69881,0.156053,0.90825,1.9689,0.13810999999999998,0.64747,0.025465,0.000106361,0.30605,0.024547,0.009246,0.032847,6.253e-05,0.75207,0.20119,0.0057474,0.40784,0.39866,0.85062,0.040851,0.0149374,0.181434,3.6631,0.12953199999999998,0.0160059,0.26669,0.82255,0.2723,1.03417,0.142651,0.5634,0.00050537,0.052924,0.014081200000000004,0.091662,0.33922,0.15951,0.047142
2008-02-15,1.47507,2.5203,3.4360000000000004,0.04461,1.00091,0.12826,0.058128999999999986,0.19789,0.0150257,0.27673000000000003,0.0093378,0.00105927,0.18559,0.70885,0.157531,0.91757,1.9638,0.13955,0.65995,0.025201,0.000108861,0.31019,0.024658000000000003,0.009272,0.03202,6.277e-05,0.75354,0.20284,0.0056258,0.41279,0.40335,0.83619,0.04082,0.0149833,0.181527,3.6630000000000003,0.1298,0.0159453,0.26695,0.82257,0.27254,1.03073,0.13056099999999998,0.57809,0.00052702,0.052924,0.013971,0.092876,0.34421,0.15945,0.047861
2008-03-15,1.55204,2.6518,3.6153,0.04776,0.99798,0.12851,0.061607,0.20817,0.013797299999999998,0.28499,0.0099171,0.00101928,0.19427,0.72238,0.164953,0.98728,2.0022,0.14136,0.67073,0.024877,0.000109128,0.31382,0.024214,0.0092818,0.031804,6.2822e-05,0.7940699999999999,0.21361,0.005971199999999999,0.43881,0.41743,0.80228,0.042154,0.0152688,0.182788,3.7221,0.135504,0.015928499999999998,0.26688,0.85793,0.27244,1.0296299999999998,0.12516300000000002,0.58521,0.00054204,0.052927,0.0140595,0.093156,0.35595,0.15943,0.048489
2008-04-15,1.57521,2.6914,3.6693,0.048658,0.9863,0.12835,0.062874,0.21114,0.0135117,0.28403,0.0097385,0.00101302,0.19777,0.7328600000000001,0.168061,0.98627,1.9814,0.14289000000000002,0.6703600000000001,0.025011,0.000108627,0.31622,0.023926,0.0092761,0.031664,6.2047e-05,0.80582,0.21681,0.0062192,0.45761,0.43266,0.76964,0.042513,0.015331799999999996,0.184376,3.7588,0.137213,0.015707099999999998,0.26639,0.86354,0.27206,1.00461,0.128806,0.59245,0.00055792,0.052916,0.0129923,0.095099,0.36405,0.15949000000000002,0.050247
2008-05-15,1.55647,2.6594,3.6256,0.049426,1.00063,0.12822,0.06203400000000001,0.20863,0.0132273,0.29582,0.0095862,0.00096568,0.1977,0.73224,0.167023,0.95832,1.9665,0.14343,0.67043,0.02379,0.000107871,0.31099,0.023304,0.009278299999999998,0.031199,6.1799e-05,0.79604,0.21458,0.0062858,0.4573100000000001,0.42511,0.8016,0.04218,0.0155499,0.186681,3.7587,0.135863,0.0148011,0.2668,0.85249,0.27249,0.9898,0.131215,0.60255,0.00056355,0.05291900000000002,0.014013,0.095791,0.35688000000000003,0.15988,0.05039
2008-06-15,1.5560200000000002,2.6586,3.6245,0.051304,0.98354,0.12808,0.064037,0.20862,0.0126131,0.29787,0.0093527,0.00096917,0.19465,0.73095,0.165902,0.96413,1.9663,0.14495,0.66737,0.023384,0.000107767,0.30696,0.022549,0.0092772,0.030113,6.05e-05,0.79595,0.21471,0.0064149,0.46096,0.42558,0.8096,0.0423,0.0157132,0.187138,3.7681,0.135786,0.014842500000000003,0.26667,0.8500700000000001,0.27232,0.93836,0.12595599999999998,0.61785,0.00057759,0.05291900000000002,0.0139484,0.096826,0.34575,0.16393,0.051376
2008-07-15,1.57547,2.6919,3.6699,0.05195,0.98746,0.1282,0.066942,0.21118,0.0127416,0.29593,0.0093546,0.00098495,0.19576,0.7356699999999999,0.166571,0.97222,1.9883,0.14628,0.66827,0.023388,0.000109113,0.30771,0.022318,0.0092916,0.029853,5.9561e-05,0.8061,0.21792,0.006799600000000001,0.4845,0.44123,0.82652,0.042814,0.0160797,0.188221,3.7687,0.137159,0.014097899999999997,0.26677,0.8580200000000001,0.27239,0.8964,0.131445,0.62876,0.00056469,0.052921,0.0138548,0.097966,0.35216,0.16666,0.052047
2008-08-15,1.49189,2.549,3.4752,0.049171,0.94841,0.12807000000000002,0.061327,0.2,0.012234299999999998,0.28101,0.0091385,0.00095403,0.18708,0.7106399999999999,0.158805,0.9209,1.8816,0.14593,0.6351899999999999,0.023274,0.000109115,0.3001,0.022198,0.0092822,0.029522000000000007,6.022e-05,0.76381,0.20734,0.0063217,0.45261,0.42275,0.8462200000000001,0.041191000000000005,0.0163879,0.187553,3.7393,0.13105799999999998,0.013435399999999998,0.26666,0.82391,0.27233,0.8646299999999999,0.130053,0.6190100000000001,0.00053949,0.05292,0.0138878,0.098761,0.34491,0.16164,0.052171
2008-09-15,1.43332,2.449,3.3387,0.047369,0.94492,0.12844,0.058694,0.19219,0.0108793,0.28363,0.0093823,0.00088103,0.1755,0.69928,0.14960199999999998,0.9007,1.7965,0.14626,0.61534,0.02196,0.000106992,0.2903,0.021402,0.009271,0.029182,6.0157e-05,0.73342,0.20149,0.0059581,0.42559,0.39479,0.80385,0.039466,0.0163938,0.184014,3.7357,0.126841,0.012980600000000002,0.26623,0.79985,0.272,0.8640899999999999,0.12378,0.5543399999999999,0.00047926,0.05291900000000002,0.013836,0.093765,0.33714,0.16393,0.049321
2008-10-15,1.32499,2.2639,3.0864,0.043501,0.84406,0.12888,0.053438,0.17775,0.008781,0.27232,0.0099948,0.00075364,0.15379,0.67637,0.134299,0.8745200000000001,1.6838,0.1463,0.5694899999999999,0.020617,0.000100431,0.28389000000000003,0.020828,0.0092407,0.029026,5.9864e-05,0.67778,0.18502,0.0050646,0.37029,0.35444000000000003,0.67296,0.037738,0.0159942,0.180425,3.7177,0.118852,0.0124834,0.2656,0.75656,0.27167,0.85703,0.102266,0.45933,0.00043469,0.052914,0.0135039,0.07903099999999999,0.32505,0.16153,0.044908
2008-11-15,1.27489,2.1783,2.9697,0.041926,0.8209,0.12902,0.050581,0.17115,0.0073833,0.25681,0.0103205,0.00071285,0.14425,0.6631100000000001,0.125567,0.83914,1.5316,0.14645,0.55003,0.02046,8.6216e-05,0.27868000000000004,0.020354,0.0090882,0.028497,5.9105e-05,0.65132,0.17875,0.0048149,0.3415,0.33666,0.62631,0.03661,0.0144689,0.180903,3.6889999999999996,0.115122,0.0125514,0.26695,0.72096,0.27265,0.8396,0.09887,0.44055,0.0004297,0.052923000000000005,0.0130018,0.076175,0.32307,0.1598,0.042526
2008-12-15,1.34577,2.2994,3.1348,0.044589,0.81004,0.12902,0.051555,0.18063,0.0080821,0.25822,0.010951100000000002,0.00073193,0.14261,0.6762699999999999,0.12473900000000004,0.87421,1.4855,0.14589000000000002,0.55487,0.020602,8.9059e-05,0.28138,0.020844,0.008970700000000002,0.028536,5.858600000000001e-05,0.68816,0.18648,0.0050845,0.33653,0.34345,0.64598,0.035483,0.0140517,0.181425,3.6352,0.120366,0.0126891,0.26658000000000004,0.74256,0.27229000000000003,0.80633,0.100567,0.41709,0.00044321,0.052924,0.0126185,0.074494,0.32108000000000003,0.15905,0.041112
2009-01-15,1.32335,2.2611,3.0826,0.043927,0.8154600000000001,0.12892,0.048651,0.17757,0.008098600000000001,0.25532,0.011088,0.00073713,0.14367,0.6703,0.123214,0.8873200000000001,1.4448,0.14627,0.5553600000000001,0.020529,9.005100000000001e-05,0.27986,0.021242,0.0087818,0.028643,5.7198e-05,0.67716,0.17991,0.004716,0.31227,0.31267,0.62266,0.031366000000000005,0.0138933,0.180975,3.4903,0.11873,0.0126729,0.26623,0.7276199999999999,0.27188,0.76948,0.100779,0.4329,0.00044196,0.052938,0.0121386,0.071984,0.3172,0.15971,0.042843
2009-02-15,1.27931,2.1858,2.98,0.042465,0.80312,0.12897,0.044921,0.1717,0.0087888,0.24371,0.0107681,0.00069408,0.14545,0.65865,0.116989,0.85905,1.4409999999999998,0.14628,0.54051,0.020309,8.4568e-05,0.27506,0.021044,0.0087565,0.028301,5.7222e-05,0.65451,0.17235,0.0042861,0.27498,0.29863,0.60106,0.02792,0.0139083,0.179609,3.4083,0.115746,0.0125786,0.26653000000000004,0.69655,0.27221,0.73045,0.100115,0.43084,0.0003968,0.052956,0.0113874,0.068469,0.30904,0.1658,0.043257
2009-03-15,1.3038,2.2277,3.037,0.043278,0.79082,0.12897999999999998,0.047857,0.17499,0.0086841,0.23987,0.0102181,0.00068845,0.1473,0.65363,0.1166,0.8653299999999999,1.4163,0.14627,0.5463600000000001,0.019553,8.4505e-05,0.27212,0.020697,0.0087396,0.02796,5.6965e-05,0.6674,0.17521,0.0042789,0.28159,0.30487,0.5837600000000001,0.028887,0.013715799999999998,0.177506,3.4106,0.117379,0.0124611,0.26636,0.70265,0.27198,0.71215,0.100406,0.4316,0.00040445,0.052951,0.0113466,0.068246,0.31478,0.16222,0.041712
2009-04-15,1.31992,2.2552,3.0746,0.043813,0.81696,0.12903,0.049405,0.1772,0.0078827,0.23885,0.0101141,0.00074977,0.1502,0.66563,0.121479,0.87129,1.4713,0.14639000000000002,0.49518,0.02001,9.076e-05,0.27722,0.020826,0.0085125,0.028217,5.625300000000001e-05,0.67496,0.17819000000000002,0.0044913,0.29939,0.31432,0.62174,0.029843,0.013697999999999998,0.177571,3.4322,0.118446,0.0124286,0.26672,0.71209,0.27237,0.7,0.111557,0.45345,0.00042263,0.052926,0.011272399999999998,0.074504,0.32425,0.16147999999999998,0.041693
2009-05-15,1.36653,2.3349,3.1832,0.04536,0.86887,0.12902,0.05112,0.18352,0.007917,0.24622,0.0103528,0.00079674,0.15516,0.68471,0.12906700000000002,0.9042,1.5436,0.14655,0.46901,0.020612,9.6494e-05,0.28401,0.021123,0.0085635,0.028866000000000006,5.626e-05,0.69904,0.18593,0.0048455,0.30985,0.32773,0.6424,0.031320999999999995,0.013819299999999998,0.17786400000000002,3.4521,0.12184,0.012407,0.26646,0.72921,0.27208000000000004,0.68475,0.119595,0.48392,0.00045001,0.052928,0.0112681,0.075794,0.33416,0.16029000000000002,0.042134
2009-06-15,1.40126,2.3942,3.2641,0.046513,0.8876799999999999,0.12902,0.052854999999999985,0.1882,0.0078959,0.25346,0.0103489,0.000792,0.1564,0.68848,0.128699,0.92507,1.6365,0.14632,0.4849100000000001,0.020964,9.829e-05,0.28427,0.020922,0.0087027,0.0293,5.6207e-05,0.7166,0.19209,0.0049981,0.31093000000000004,0.33262,0.64655,0.032173,0.013699700000000002,0.17867,3.4756,0.124256,0.0123396,0.2668,0.74026,0.27249,0.67215,0.124399,0.51039,0.00047842,0.052924,0.0112618,0.074941,0.33438,0.16001,0.043057
2009-07-15,1.40831,2.4062,3.2805,0.046747,0.89112,0.12903,0.054546,0.18913,0.0078528,0.25727,0.0106081,0.00079252,0.15719,0.68971,0.129953,0.92708,1.6368,0.14637999999999998,0.48837,0.020661,9.9173e-05,0.28186,0.020805,0.0087034,0.029364,5.6144e-05,0.7199300000000001,0.19213,0.0051683,0.32807,0.3337,0.65896,0.031698000000000004,0.0136863,0.179343,3.478,0.124756,0.0121685,0.26652,0.74927,0.27218000000000003,0.66678,0.12556199999999998,0.51702,0.00048957,0.052924,0.01127,0.074754,0.33223,0.16038,0.043137
2009-08-15,1.42596,2.4364,3.3216,0.047333,0.91894,0.12902,0.055596000000000007,0.19157,0.0078681,0.26099,0.0105383,0.0008058999999999999,0.16465,0.6932,0.139656,0.93571,1.6511,0.14635,0.5000399999999999,0.020707,0.000100345,0.28426,0.020725,0.0087096,0.02939,5.619100000000001e-05,0.72883,0.19456,0.005277,0.34538,0.33795,0.67114,0.03154,0.0137159,0.18031,3.4849,0.12596,0.0120825,0.26679,0.75549,0.27247,0.68016,0.125719,0.54173,0.00049488,0.052924,0.0112931,0.07689700000000001,0.33906,0.15991,0.043312
2009-09-15,1.45724,2.4898,3.3945,0.048372000000000005,0.92442,0.12903,0.057506,0.19581,0.008035500000000001,0.26557,0.0109548,0.00082448,0.16940999999999998,0.70306,0.14294,0.96231,1.6318,0.14645,0.51213,0.0207,0.000101666,0.28637,0.020833,0.0087099,0.029585000000000007,5.608e-05,0.7449899999999999,0.19952,0.0053643,0.35045,0.34301,0.67114,0.032566000000000005,0.0138062,0.181097,3.4886,0.128369,0.0120728,0.26667,0.76857,0.27234,0.68803,0.133209,0.54969,0.00050686,0.052925,0.0112789,0.074572,0.34386,0.15892,0.045514
2009-10-15,1.48192,2.532,3.4519,0.049191000000000006,0.948,0.12903,0.057215,0.19909,0.0080664,0.2685,0.0110657,0.00085112,0.17715,0.71544,0.14373,0.97904,1.6206,0.14647000000000002,0.52791,0.021425,0.000105639,0.2938,0.021349,0.0087101,0.02993,5.5977e-05,0.7575,0.20478,0.0055176,0.35153,0.34553,0.67847,0.033972,0.0138419,0.182725,3.4994,0.130168,0.0120099,0.26697,0.7751399999999999,0.27263000000000004,0.69252,0.133481,0.57529,0.00052369,0.052924,0.0112646,0.075589,0.3482,0.1587,0.048274
2009-11-15,1.49104,2.5476,3.4732,0.049493,0.94377,0.12903,0.057674,0.20037,0.0080806,0.26442,0.0112196,0.00085957,0.17711,0.71995,0.144245,0.98739,1.6591,0.14647000000000002,0.53015,0.021479,0.000105891,0.29492,0.021254,0.0087324,0.030052,5.5503e-05,0.76258,0.20439,0.0055004,0.3579,0.34779,0.66913,0.034526,0.0138452,0.183186,3.5027,0.130826,0.0119812,0.26662,0.7773899999999999,0.2722,0.69839,0.13305699999999998,0.5782,0.00050651,0.052925,0.0112342,0.076288,0.34668000000000004,0.15847999999999998,0.048883
2009-12-15,1.45816,2.4914,3.3966,0.048402,0.94841,0.12899000000000002,0.055899,0.19594,0.007978,0.26396,0.0111254,0.00085857,0.17323,0.71631,0.14011500000000002,0.97082,1.6232,0.14645999999999998,0.52287,0.021484,0.000105769,0.29316,0.021567,0.0087466,0.030106,5.4048e-05,0.7459399999999999,0.19986,0.005331,0.35162,0.34484000000000004,0.6631,0.033218,0.0138102,0.182373,3.5036,0.128458,0.0118939,0.26703000000000005,0.76485,0.27275,0.69945,0.133481,0.5707800000000001,0.00049528,0.052924,0.011210799999999998,0.07775599999999999,0.34749,0.15825999999999998,0.050960000000000005
2010-01-15,1.42693,2.4381,3.3239,0.047365,0.95883,0.12882000000000002,0.054628,0.19171,0.0079422,0.26943,0.010979799999999998,0.00087867,0.17427,0.71618,0.139902,0.96716,1.6162,0.14647000000000002,0.52472,0.021785,0.000107918,0.29625,0.021733,0.0087419,0.030269,5.417300000000001e-05,0.72959,0.19562,0.0052949,0.35082,0.34486999999999995,0.67895,0.033486,0.0138805,0.183657,3.4888,0.126174,0.011819,0.26681,0.75416,0.27244,0.7013199999999999,0.133994,0.5612699999999999,0.00050659,0.052923000000000005,0.011195,0.078109,0.35013,0.15723,0.05126
2010-02-15,1.36744,2.3364,3.1853,0.045391,0.94623,0.12874000000000002,0.052662,0.18371,0.007795199999999999,0.26672,0.011093,0.00086476,0.16892,0.70792,0.13756300000000002,0.93232,1.5616,0.14643,0.51452,0.021602,0.000107067,0.29269,0.021607,0.0087298,0.030174,5.345e-05,0.69916,0.18728,0.005041,0.34074,0.33189,0.65823,0.033164,0.013699100000000002,0.182417,3.4617,0.121883,0.0117773,0.26645,0.72323,0.27208000000000004,0.69925,0.130275,0.54259,0.00051264,0.052925,0.0111791,0.07727,0.3504,0.15775,0.050833
2010-03-15,1.35685,2.3183,3.1606,0.045039,0.97751,0.12884,0.053146000000000006,0.18233,0.0078382,0.26723,0.0110219,0.00087997,0.16884000000000002,0.71443,0.13955,0.93752,1.5057,0.1465,0.5183399999999999,0.021995,0.000109097,0.30097,0.021893,0.0087604,0.030760000000000006,5.274e-05,0.6945600000000001,0.18687,0.0051145,0.34899,0.33238,0.65175,0.033826,0.013718200000000002,0.182314,3.4671,0.121151,0.0118606,0.26677,0.71828,0.27237,0.70522,0.134924,0.55994,0.00052392,0.052924,0.0111754,0.079562,0.35218,0.1579,0.050986
2010-04-15,1.34111,2.2914,3.1239,0.044517,0.99496,0.12882000000000002,0.052987,0.18018,0.0078367,0.2694,0.010702799999999998,0.00089653,0.16899,0.72404,0.13878,0.93515,1.5335,0.1465,0.5207,0.022504,0.000110819,0.31211,0.022422,0.0087814,0.030975,5.2731e-05,0.68587,0.18479,0.0050529,0.34594,0.32492,0.6706,0.034264,0.0136689,0.180912,3.4686,0.119944,0.0119026,0.26662,0.70818,0.2723,0.7055,0.136003,0.56917,0.00051512,0.052924,0.0112548,0.081702,0.35208,0.15758,0.051813
2010-05-15,1.25506,2.1444,2.9235,0.04166,0.96161,0.12845,0.04887,0.16866,0.0077145,0.2634,0.0108666,0.00085856,0.15897,0.71734,0.12976400000000002,0.88528,1.4667,0.14645999999999998,0.50649,0.021854,0.000109052,0.30771,0.021939,0.0087912,0.030874,5.2599e-05,0.64152,0.17278,0.0045305,0.30903,0.30011,0.64441,0.032792,0.0134608,0.178019,3.4244,0.113537,0.0118335,0.2667,0.67202,0.27237,0.70306,0.13076500000000002,0.5515800000000001,0.00050363,0.052924,0.0112912,0.078581,0.35146,0.15773,0.052121
2010-06-15,1.22206,2.088,2.8466,0.040565,0.96345,0.1284,0.047406,0.16425,0.0077914,0.25947,0.0110093,0.00082317,0.15442,0.71516,0.127728,0.88845,1.4762,0.14665,0.50148,0.021493,0.000109475,0.30625,0.021583,0.0088027,0.030804,5.2639e-05,0.62415,0.16927,0.004342100000000001,0.29784,0.28764,0.63378,0.031994,0.0133684,0.176204,3.4453,0.111115,0.0117095,0.26705,0.6600199999999999,0.27273000000000003,0.69812,0.13081800000000002,0.55385,0.00051938,0.052924,0.0116102,0.078654,0.3525,0.15792,0.049521
2010-07-15,1.28094,2.1886,2.9838,0.04252,0.95906,0.12861,0.050673,0.17187,0.008124600000000001,0.25951,0.0114257,0.00083052,0.15961,0.72675,0.134963,0.94964,1.5298,0.14758,0.51194,0.021369,0.000110748,0.31212,0.021615,0.0088502,0.030948000000000007,5.229e-05,0.65457,0.17747000000000002,0.004520000000000001,0.31434,0.30081,0.65069,0.032703,0.0134834,0.175532,3.4619999999999997,0.11543599999999996,0.0116813,0.26671,0.67823,0.27238,0.6905,0.132881,0.56529,0.00053456,0.052924,0.0116573,0.078055,0.35427,0.15753,0.047567
2010-08-15,1.28861,2.2017,3.0017,0.042774,0.96026,0.12869,0.051962,0.17299,0.0083736,0.2636,0.011718700000000002,0.00084693,0.16235,0.7377,0.136735,0.9625,1.5646,0.14732,0.51784,0.021487,0.000111529,0.31716,0.022133,0.008893700000000001,0.031528,5.1942e-05,0.65869,0.17773,0.0045812,0.32342,0.3039,0.66166,0.03289,0.013397799999999998,0.175886,3.4810000000000003,0.116022,0.011670200000000002,0.26676,0.6803600000000001,0.27238,0.6974600000000001,0.137129,0.56821,0.00055022,0.052924,0.011681100000000002,0.07827,0.35703,0.15799000000000002,0.048108
2010-09-15,1.3095,2.2374,3.0503,0.043467,0.96797,0.12879000000000002,0.053109,0.17583,0.0085804,0.26797,0.0118538,0.00086094,0.16543,0.74993,0.142037,0.99962,1.5588,0.14836,0.52673,0.021792,0.000111363,0.32214,0.022635,0.0089023,0.032475,5.1394e-05,0.6691600000000001,0.1799,0.0046467,0.33132,0.307,0.67038,0.032463,0.013355700000000002,0.175311,3.49,0.117574,0.0116441,0.26675,0.68521,0.27243,0.69971,0.140547,0.58187,0.00055419,0.052923000000000005,0.0116932,0.07812999999999999,0.35833000000000004,0.15764,0.048713
2010-10-15,1.38997,2.3749,3.2378,0.046139,0.98234,0.12889,0.056642999999999985,0.18639,0.0089514,0.27715,0.0122342,0.00089073,0.17140999999999998,0.76752,0.149738,1.03214,1.5865,0.14995,0.54059,0.022538,0.000111937,0.32255,0.023069,0.008953000000000001,0.0334,5.1178e-05,0.7105600000000001,0.1898,0.0050707,0.35183000000000003,0.3247,0.70191,0.032969,0.013574100000000002,0.174503,3.5457,0.123411,0.0116275,0.26681,0.71599,0.27243,0.70036,0.144664,0.59373,0.00055209,0.052923000000000005,0.0117044,0.08038200000000001,0.35825,0.15735,0.049509
2010-11-15,1.36335,2.3294,3.1758,0.045255,0.98736,0.12895,0.055301,0.18289,0.008873299999999999,0.27429000000000003,0.0121096,0.00088396,0.16746,0.7696,0.14649,1.01476,1.5948,0.15028,0.54574,0.022228,0.00011176,0.32093,0.022977,0.008965299999999999,0.033443,5.12e-05,0.69738,0.18473,0.004942,0.34451,0.31754,0.69128,0.032208,0.0135202,0.173631,3.5596,0.12149,0.011681,0.26677,0.7065600000000001,0.27239,0.6940000000000001,0.143203,0.58353,0.00053506,0.052923000000000005,0.0116984,0.08103300000000001,0.35641,0.15736,0.050147
2010-12-15,1.32316,2.2608,3.0821,0.043921,0.99231,0.12864,0.052604999999999985,0.17753,0.0086352,0.2776,0.0120057,0.00087301,0.16725,0.76573,0.146012,1.0328700000000002,1.5607,0.15041,0.5415,0.022179,0.000110807,0.31953000000000004,0.022774000000000003,0.0090022,0.033224000000000004,5.141e-05,0.6766800000000001,0.17916,0.0047703,0.33133,0.30825,0.65722,0.032419,0.0134255,0.172539,3.5456,0.118617,0.0116563,0.26674000000000003,0.6923600000000001,0.27241,0.68281,0.14658,0.59019,0.00052195,0.052926,0.011692,0.08071,0.35516,0.15729,0.050386
2011-01-15,1.33611,2.2829,3.1123,0.044351,1.00619,0.12852,0.054745,0.1793,0.0085485,0.27892,0.0120939,0.00089358,0.17068,0.77718,0.149937,1.04358,1.58,0.15158,0.54459,0.02201,0.000110679,0.32674000000000003,0.022614,0.0090213,0.032692,5.1316e-05,0.6834399999999999,0.18068,0.0048549,0.34391,0.31358,0.63845,0.033199,0.0135452,0.171972,3.5618,0.119522,0.0116593,0.26678,0.69644,0.27239,0.6643600000000001,0.144037,0.59644,0.00053673,0.052923000000000005,0.011693299999999998,0.082523,0.35895,0.1568,0.050366
2011-02-15,1.36554,2.3332,3.1808,0.045328,1.0126,0.12838,0.056245,0.18317,0.0085764,0.27344,0.0121112,0.00089422,0.1745,0.78368,0.1554,1.05276,1.6128,0.15204,0.54761,0.022039,0.000112194,0.32828,0.022918,0.0090222,0.032571,4.9246e-05,0.69811,0.1844,0.0050372,0.34776,0.3216,0.62915,0.034192,0.0137083,0.170051,3.574,0.121686,0.0117111,0.26659,0.70644,0.27226,0.65725,0.13916199999999998,0.5999899999999999,0.00053046,0.052924,0.0116976,0.08288,0.36092,0.15680999999999998,0.051171
2011-03-15,1.4018,2.3951,3.2653,0.046531,1.02397,0.12834,0.057439,0.18797,0.0086793,0.28082,0.0122468,0.00089265,0.17881,0.7886,0.157474,1.0885200000000002,1.6157,0.15232,0.54691,0.02226,0.000114237,0.32942,0.023,0.0090626,0.032947000000000004,4.8081e-05,0.71639,0.18983,0.0051725,0.34905,0.33671,0.63371,0.035187,0.0138637,0.168704,3.6012,0.124285,0.0117119,0.26667,0.71816,0.27231,0.65569,0.144925,0.6032,0.00053127,0.052925,0.0116888,0.083349,0.35982,0.15685,0.051746
2011-04-15,1.44526,2.4694,3.3666,0.047974,1.04361,0.12867,0.059529999999999986,0.19381,0.0088523,0.29146,0.012012,0.00092213,0.18503,0.8018,0.161152,1.11384,1.6369999999999998,0.15317999999999998,0.56401,0.022553,0.000115683,0.33206,0.023164,0.0090693,0.033263,4.7953e-05,0.7392,0.19638,0.005446800000000001,0.36424,0.35279,0.65688,0.035647000000000005,0.0139468,0.167873,3.6173,0.127527,0.0118082,0.26656,0.7306,0.27217,0.66281,0.148716,0.63105,0.00055346,0.052925,0.0117029,0.08538,0.35521,0.1567,0.052736
2011-05-15,1.4342,2.4505,3.3408,0.047607,1.03308,0.12862,0.058826,0.19234,0.0087317,0.28845,0.0123319,0.00092259,0.18283,0.8075600000000001,0.160099,1.14582,1.6347,0.15395,0.5673699999999999,0.022271,0.000116836,0.33194,0.023194,0.009107700000000002,0.033072000000000004,4.845600000000001e-05,0.73329,0.19398,0.0053699,0.36398,0.34862,0.63476,0.035832,0.0138519,0.168179,3.6297,0.126675,0.0117231,0.26665,0.72706,0.27227,0.66275,0.145895,0.62019,0.00055472,0.052923000000000005,0.0117153,0.085841,0.35989,0.1565,0.053223
2011-06-15,1.44008,2.4605,3.3545,0.047802,1.0238,0.12845,0.059311,0.19309,0.0086937,0.29293,0.012433,0.00092514,0.18387,0.8104600000000001,0.158024,1.19028,1.6217,0.15444000000000002,0.5685899999999999,0.022318,0.000116804,0.33019,0.023058,0.0091256,0.032768,4.8627e-05,0.73549,0.1946,0.0054012,0.36286,0.3431,0.62433,0.035748,0.013890799999999998,0.16808399999999998,3.6244,0.127132,0.0116406,0.26672,0.72956,0.27234,0.66004,0.14732,0.63048,0.00056141,0.052924,0.01172,0.08469700000000001,0.36177,0.15650999999999998,0.054085
2011-07-15,1.42735,2.4388,3.3248,0.047379,1.04679,0.12838,0.058674,0.19144,0.0086138,0.29254,0.01262,0.00094531,0.18347,0.82232,0.156345,1.21718,1.6156,0.15485,0.57452,0.022524,0.00011724,0.33406,0.023416,0.0091323,0.033277999999999995,4.8674e-05,0.7298399999999999,0.19221,0.005331100000000001,0.35752,0.33665,0.60278,0.035821,0.013853799999999998,0.16786600000000002,3.6484,0.126148,0.0116008,0.26674000000000003,0.72525,0.27233,0.6609,0.147305,0.63985,0.00056777,0.05293200000000002,0.0117057,0.08567000000000001,0.36482,0.15653,0.054212
2011-08-15,1.43373,2.4497,3.3397,0.047591,1.01746,0.12825,0.059081,0.19246,0.008739100000000001,0.28146,0.0129915,0.00092999,0.18387,0.8268399999999999,0.15623499999999998,1.28188,1.6358,0.15618,0.57175,0.022037,0.000117333,0.33487,0.023553,0.0091101,0.033451,4.8142e-05,0.73307,0.19226,0.005261699999999999,0.34724,0.33704,0.5688300000000001,0.034628,0.013861000000000002,0.167761,3.6643,0.126623,0.0115249,0.26667,0.72733,0.27216,0.65517,0.140743,0.6255,0.00055992,0.05318200000000002,0.0116837,0.081567,0.36526,0.15649000000000002,0.053805999999999986
2011-09-15,1.37424,2.3480000000000003,3.2011,0.045616,0.99741,0.12829000000000002,0.055938,0.18457,0.0085637,0.27086,0.013021,0.00089091,0.1777,0.79743,0.150419,1.14048,1.5767,0.15650999999999998,0.55986,0.020965,0.000114552,0.32412,0.023198,0.0090844,0.032818,4.811e-05,0.7023,0.18347,0.0048202,0.31652,0.32056,0.5554899999999999,0.032458,0.0136205,0.167698,3.634,0.122247,0.0114193,0.26671,0.70531,0.27237,0.6402100000000001,0.131938,0.57148,0.00054208,0.052993,0.0116689,0.07654,0.36426,0.15649000000000002,0.051876
2011-10-15,1.3727200000000002,2.3454,3.1976,0.045566,0.98056,0.12857000000000002,0.055249,0.18439,0.008637299999999999,0.27295,0.013047,0.00086875,0.17723,0.78372,0.15058,1.11612,1.5764,0.15695,0.5516300000000001,0.020319,0.000112768,0.31892,0.023085,0.0090816,0.032407,4.7846e-05,0.7014600000000001,0.18351,0.0046163,0.31524,0.31723,0.54666,0.032037,0.0135717,0.16755699999999998,3.6228,0.12219,0.011496,0.26672,0.70293,0.27216,0.61973,0.125645,0.5647800000000001,0.0005247000000000001,0.052853,0.0116449,0.074408,0.3664,0.15654,0.050213
2011-11-15,1.35449,2.3143,3.1551,0.044961,0.97483,0.1285,0.053165,0.18203,0.0085195,0.26824000000000003,0.0128953,0.00088112,0.17396,0.7753,0.148168,1.10068,1.5789,0.15728,0.5494,0.019703,0.000111174,0.3169,0.023094,0.0089778,0.032294,4.7578e-05,0.6924399999999999,0.18083,0.004381800000000001,0.30518,0.31076,0.5506800000000001,0.032391,0.0134984,0.16755799999999998,3.6244,0.120887,0.0114857,0.2667,0.69029,0.27231,0.61647,0.122423,0.5583199999999999,0.00052022,0.052812,0.011614,0.072891,0.36958,0.15653,0.050629
2011-12-15,1.31553,2.2477,3.0644,0.043668,0.97677,0.12858,0.051592,0.17695,0.008257200000000001,0.26469000000000004,0.0128528,0.00087087,0.16977,0.77184,0.145831,1.07133,1.5582,0.15748,0.54789,0.019088,0.000110521,0.31645,0.0229,0.0087852,0.032074,4.7615e-05,0.67297,0.1753,0.0043155,0.29348,0.3038,0.53413,0.031663,0.0133533,0.166153,3.6044,0.118029,0.0111713,0.26677,0.6741699999999999,0.27237,0.6096699999999999,0.121949,0.5439,0.0005167,0.052774,0.0115977,0.07264,0.37086,0.15649000000000002,0.050375
2012-01-15,1.2896299999999998,2.2035,3.0039999999999996,0.042808,0.98691,0.12882000000000002,0.050483,0.17345,0.0080701,0.26252,0.012994,0.00087595,0.16809000000000002,0.78215,0.145897,1.06555,1.5513,0.15828,0.55524,0.019597,0.00011048,0.3213,0.022967,0.0087846,0.031695,4.7558e-05,0.65961,0.17071,0.0042031,0.29517,0.29681,0.54376,0.031958,0.0131763,0.165644,3.5869999999999997,0.116113,0.0110829,0.26654,0.66014,0.27215,0.59063,0.124844,0.56006,0.00054283,0.052518,0.0115962,0.074673,0.37139,0.15646,0.051017
2012-02-15,1.32389,2.262,3.0838,0.043945,1.00348,0.12896,0.052906,0.17809,0.0081014,0.26741,0.0127338,0.00089051,0.17518,0.79781,0.150107,1.09675,1.5805,0.15872999999999998,0.56971,0.020332,0.00011100000000000001,0.33089,0.023453,0.0085146,0.032565,4.7973e-05,0.67632,0.17472,0.004557,0.31673,0.30422,0.56898,0.033605,0.013307499999999998,0.165701,3.6053,0.118721,0.0110196,0.26678,0.66583,0.27239,0.58875,0.130846,0.58236,0.00056137,0.052475,0.0115778,0.078276,0.37267,0.15715,0.05139
2012-03-15,1.32066,2.2565,3.0763,0.043838,1.00618,0.12883,0.053554,0.17762,0.0079126,0.26579,0.0121253,0.00088766,0.17519,0.79415,0.148519,1.09505,1.5822,0.1584,0.56686,0.019853,0.000109306,0.32834,0.023307,0.0079488,0.032558,4.8112e-05,0.6753399999999999,0.17540999999999998,0.0045175,0.31934,0.30238000000000004,0.55833,0.034059,0.0134268,0.165716,3.5919,0.11847,0.0110108,0.2665,0.66257,0.27211,0.57418,0.131422,0.55679,0.00056565,0.052476,0.0115372,0.078401,0.37438,0.15648,0.051252
2012-04-15,1.31627,2.249,3.0661,0.043692,1.00742,0.12884,0.053070000000000006,0.17693,0.0078855,0.26662,0.0123099,0.00088058,0.17386,0.7995899999999999,0.14844300000000002,1.09505,1.6004,0.15858,0.56145,0.019331,0.000109253,0.32681,0.023449,0.0077693,0.032394,4.8052e-05,0.67302,0.17559,0.0044648000000000005,0.31507,0.30061,0.55952,0.033928,0.0133485,0.165491,3.5949,0.118145,0.0110166,0.26665,0.6553899999999999,0.27225,0.5525800000000001,0.127649,0.5392100000000001,0.00056376,0.05248,0.0115224,0.076563,0.37637,0.15649000000000002,0.050968
2012-05-15,1.27909,2.1855,2.9795,0.042458,0.99025,0.12880999999999998,0.050533,0.17207,0.0078632,0.26116,0.0125501,0.00086429,0.16896,0.79215,0.142227,1.0648,1.5914,0.15809,0.5476300000000001,0.01842,0.000108031,0.32269000000000003,0.023317,0.007741,0.03194,4.789100000000001e-05,0.65387,0.16988,0.0043592,0.29801,0.28798,0.55301,0.032338,0.0132978,0.165516,3.5857,0.115442,0.0109335,0.26679,0.63447,0.2724,0.5310199999999999,0.1226,0.50545,0.00055743,0.052479,0.0114743,0.073374,0.37483,0.15648,0.05009
2012-06-15,1.25402,2.1426,2.9211,0.041626,0.9727,0.12888,0.048927,0.16872,0.0078533,0.25704,0.012607,0.0008591000000000001,0.16622,0.78217,0.141324,1.04419,1.5554,0.15714,0.53914,0.017869,0.000106346,0.31448000000000004,0.023415,0.0075744,0.031615,4.7799999999999996e-05,0.6412,0.16634000000000002,0.004275500000000001,0.29211,0.28103,0.54887,0.030475,0.0128209,0.16532,3.5651,0.113559,0.0106087,0.26647,0.62511,0.27208000000000004,0.52052,0.119237,0.48816,0.000559,0.05248,0.011375299999999998,0.07183099999999999,0.37432,0.15646,0.046977
2012-07-15,1.2273,2.097,2.8588,0.040739,0.98626,0.12893,0.048272,0.16498,0.0079568,0.25034,0.0126649,0.00087532,0.1647,0.79343,0.143845,1.02194,1.5587,0.15694,0.55337,0.018053,0.000105949,0.31583,0.023881,0.007538600000000001,0.031613,4.7948e-05,0.62749,0.1636,0.0042886,0.2935,0.26913000000000004,0.55196,0.030777,0.0123281,0.164918,3.5501,0.11161,0.010588600000000002,0.26656,0.61658,0.27216,0.5120600000000001,0.121153,0.49214,0.00056023,0.052428,0.0112901,0.074824,0.37971,0.1563,0.046006
2012-08-15,1.2404,2.1194,2.8894,0.041174,1.00792,0.12893,0.049662,0.1666,0.008314,0.24911,0.012703,0.00088316,0.16945,0.8009999999999999,0.149781,1.0328,1.5725,0.15725999999999998,0.56183,0.018016,0.000105279,0.32076,0.023744,0.0075686999999999985,0.031836,4.7918999999999986e-05,0.63408,0.16585999999999998,0.0044479,0.30294,0.27484000000000003,0.55629,0.031284,0.0122753,0.164372,3.5453,0.112581,0.0105776,0.2668,0.6211800000000001,0.27241,0.51408,0.120949,0.49302,0.00055264,0.051391,0.011215799999999998,0.07584,0.38229,0.15655,0.047168
2012-09-15,1.28828,2.2012,3.0009,0.042763,1.02219,0.12896,0.052075,0.17282999999999998,0.0081361,0.25405,0.0127975,0.00088993,0.17399,0.81275,0.151554,1.0653700000000002,1.6125,0.15822,0.56275,0.01838,0.000104639,0.32498,0.023983,0.007597499999999998,0.0323,4.8043e-05,0.65871,0.17357999999999998,0.0045372,0.31224,0.28615,0.55538,0.031916,0.0125504,0.164107,3.5584,0.116082,0.0105614,0.2667,0.63534,0.2723,0.5237,0.121079,0.49326,0.00055531,0.050971,0.0111946,0.07737899999999999,0.38419,0.15597,0.047171
2012-10-15,1.29732,2.2166,3.0219,0.043063,1.01296,0.12901,0.052019,0.17395,0.0080503,0.25929,0.0126554,0.00090409,0.17515999999999998,0.81712,0.150565,1.0725,1.6079,0.15966,0.56118,0.018843,0.000104242,0.32748,0.024168,0.007743000000000002,0.032585,4.8022e-05,0.66323,0.17296,0.0046033,0.31577,0.28441,0.55477,0.032127,0.012561200000000002,0.16392,3.5597,0.116719,0.0104676,0.26675,0.6379100000000001,0.27235,0.53001,0.115682,0.49257,0.00055354,0.050786000000000005,0.0111141,0.07753099999999999,0.38625,0.15599000000000002,0.049591
2012-11-15,1.28381,2.1935,2.9905,0.042615,1.00296,0.12902,0.050635,0.17213,0.007870100000000001,0.25689,0.0123287,0.00091947,0.17489000000000002,0.81743,0.149116,1.06531,1.5965,0.16041,0.56195,0.018249,0.00010402,0.32707,0.024344,0.007673,0.032561,4.8142e-05,0.6564,0.17056,0.0045497,0.31104,0.28365,0.55778,0.031887,0.0125209,0.16378299999999998,3.5452,0.115759,0.0104077,0.26659,0.6313,0.2722,0.52923,0.11351300000000004,0.48358,0.00054948,0.050537,0.0110086,0.076555,0.38483,0.15633,0.050768
2012-12-15,1.31122,2.2403,3.0543,0.043524,1.01054,0.12903,0.052032,0.17575,0.0079042,0.26433,0.0119485,0.00092925,0.17815,0.8194600000000001,0.151538,1.08475,1.6145,0.16046,0.56358,0.018306,0.000103713,0.32738,0.024392,0.0077985,0.032646,4.797100000000001e-05,0.6707,0.17418,0.0045819,0.31984,0.29208,0.55948,0.032532,0.0127249,0.162168,3.5544,0.117707,0.0102817,0.26667,0.6402399999999999,0.27229000000000003,0.52772,0.116072,0.48093,0.00055772,0.050394,0.0108727,0.077773,0.38958,0.1565,0.051904
2013-01-15,1.3302,2.2728,3.0985,0.044154,1.00793,0.12897999999999998,0.052086,0.17828,0.0077828,0.26752,0.0112237,0.00093711,0.18004,0.81412,0.15424000000000002,1.08241,1.5956,0.16071,0.56528,0.018447,0.000103542,0.32894,0.02456,0.007884799999999999,0.033260000000000005,4.7829e-05,0.67997,0.17587,0.0045377,0.32161,0.30375,0.56481,0.033079000000000004,0.0127569,0.152174,3.5493,0.119158,0.0102471,0.26654,0.64362,0.27213000000000004,0.52563,0.113605,0.49278,0.00056453,0.050229,0.0107958,0.07875700000000001,0.39162,0.15617,0.051849
2013-02-15,1.33441,2.28,3.1083,0.044294,0.99025,0.12894,0.05241900000000002,0.17889000000000002,0.0078427,0.27067,0.0107523,0.00091923,0.17965,0.80755,0.156836,1.08541,1.547,0.16045,0.56485,0.018581,0.000103351,0.32281,0.024581,0.0078852,0.033529,4.7949e-05,0.68223,0.17601,0.0045608,0.32031,0.3045,0.56229,0.033087,0.012762799999999998,0.14870799999999998,3.5409,0.11947,0.010198100000000002,0.26652,0.64142,0.27212,0.52436,0.112626,0.50667,0.00055731,0.050212,0.0106627,0.07858,0.38791,0.15649000000000002,0.052471
2013-03-15,1.2959200000000002,2.2142,3.0187,0.043017,0.97587,0.12888,0.050535,0.17382999999999998,0.007986,0.2715,0.0105481,0.00090674,0.17303,0.80199,0.15523399999999998,1.05663,1.5074,0.16088,0.56077,0.018375,0.000103002,0.32161,0.024552,0.0078878,0.033874,4.7768e-05,0.66283,0.17084000000000002,0.0042783000000000005,0.31191,0.29503,0.55288,0.032447000000000004,0.012624,0.147586,3.5141,0.116666,0.0101889,0.26652,0.63145,0.27212,0.51845,0.108769,0.50432,0.00055163,0.050613,0.0103303,0.079927,0.38552,0.15591,0.052574
2013-04-15,1.30243,2.2253,3.0339,0.043233,0.98165,0.12880999999999998,0.050439,0.1747,0.008420799999999999,0.27616,0.0102283,0.0008917999999999998,0.17256,0.8077,0.154145,1.06765,1.531,0.16164,0.56239,0.018408,0.000102982,0.32794,0.024302,0.007932300000000002,0.034394,4.7875e-05,0.66582,0.17123,0.0043596,0.31485,0.29752,0.5566800000000001,0.03192,0.0126542,0.14533900000000002,3.5060000000000002,0.11712,0.0101627,0.26659,0.62493,0.27219,0.51205,0.109851,0.4996,0.00054646,0.051453,0.0101127,0.081914,0.38472,0.15577,0.052834000000000006
2013-05-15,1.2985,2.2186,3.0247,0.043102,0.98053,0.12884,0.050179,0.1742,0.008264,0.27512,0.0099149,0.00089926,0.17177,0.80069,0.151529,1.04642,1.5289,0.16283,0.5534399999999999,0.018179,0.000102555,0.33101,0.024178,0.0079173,0.03358,4.7643999999999986e-05,0.66396,0.1716,0.0044347,0.31062,0.29951,0.54752,0.031896,0.0126185,0.143539,3.5042,0.116831,0.0101561,0.26681,0.60755,0.27243,0.50303,0.106875,0.49078,0.00053967,0.051233,0.0101444,0.081256,0.37801,0.15577,0.05224
2013-06-15,1.31953,2.2546,3.0737,0.0438,0.96949,0.12886,0.05121900000000002,0.17694,0.008213799999999999,0.2756,0.0102839,0.00088062,0.17015,0.79386,0.151838,1.07153,1.5490000000000002,0.16301,0.53965,0.01712,0.00010136,0.31799,0.023291,0.007808199999999999,0.032424,4.7502e-05,0.6745399999999999,0.17615999999999998,0.0044608,0.3079,0.29425,0.5261600000000001,0.030902,0.0126457,0.142898,3.5182,0.118325,0.0101285,0.26671,0.6127,0.27233,0.49739,0.099974,0.46004,0.00052349,0.049321,0.0099943,0.077136,0.36356,0.15579,0.048611
2013-07-15,1.30798,2.2348,3.0468,0.043417,0.96124,0.12892,0.050428,0.17538,0.0081661,0.27763000000000004,0.0100299,0.00088831,0.16588,0.78823,0.15109,1.05765,1.5169,0.16301,0.52846,0.01672,9.9196e-05,0.3131,0.023071,0.0076182,0.032121,4.7274e-05,0.66902,0.17419,0.004432500000000001,0.30628,0.29567,0.51708,0.030513,0.0125589,0.14268499999999998,3.502,0.117481,0.0099405,0.2665,0.60207,0.27211,0.48676,0.100789,0.44376,0.00052662,0.049299,0.0098806,0.078362,0.35998,0.1558,0.047718
2013-08-15,1.33155,2.2751,3.1017,0.0442,0.96074,0.12894,0.05161,0.17854,0.0083574,0.27943,0.0102264,0.00089558,0.16747,0.78576,0.153005,1.07992,1.5511,0.16335999999999998,0.53023,0.015889,9.4929e-05,0.30482,0.022765,0.007571899999999999,0.03165,4.739600000000001e-05,0.68103,0.17667,0.004449600000000001,0.31474,0.30023,0.50947,0.030278,0.0124124,0.143078,3.5126,0.119171,0.0097094,0.26659,0.60715,0.27221,0.47161,0.099165,0.42675,0.00052443,0.049042,0.0098632,0.077376,0.35668,0.15584,0.046117
2013-09-15,1.33608,2.2828,3.1122,0.04435,0.96689,0.12896,0.051824,0.17915,0.0082563,0.2804,0.0100788,0.00092367,0.16756,0.7922100000000001,0.154056,1.08325,1.588,0.1634,0.5369,0.015703,8.821e-05,0.30758,0.022895,0.0075513,0.03159,4.7473e-05,0.68329,0.17583,0.004462600000000001,0.31554,0.29928,0.49578,0.030733,0.0122241,0.144851,3.5193,0.119476,0.0094991,0.26669,0.6058,0.27232,0.45954,0.100363,0.44155,0.00052156,0.04909,0.0097985,0.076597,0.36007,0.15578,0.045302
2013-10-15,1.36446,2.3313,3.1783,0.045292,0.96493,0.12897,0.053172,0.18294,0.008286,0.28283,0.0102262,0.0009377000000000001,0.16804000000000002,0.80435,0.15602,1.10796,1.6096,0.16384,0.5447,0.016232,8.8136e-05,0.31498000000000004,0.023189,0.0076301999999999984,0.032048,4.7455e-05,0.6974199999999999,0.17909,0.0046326,0.32602,0.30724,0.50388,0.031188,0.0122805,0.145121,3.5431,0.121569,0.0094134,0.26674000000000003,0.6096600000000001,0.27235,0.45567,0.10099,0.45689,0.00053066,0.048927,0.0096167,0.07696499999999999,0.36098,0.15584,0.046373
2013-11-15,1.34955,2.3058,3.1436,0.044797,0.95308,0.12899000000000002,0.050101,0.18095,0.0082296,0.28285,0.0099811,0.00094167,0.16426,0.8011699999999999,0.151817,1.09567,1.611,0.16412000000000002,0.54104,0.015994,8.6189e-05,0.31258,0.022951,0.0076253,0.031582,4.7414e-05,0.69014,0.17677,0.0045267,0.32189,0.30359,0.49394,0.030533,0.0124384,0.1452,3.5324,0.120466,0.0092917,0.26654,0.59955,0.27215,0.44352,0.097988,0.43513,0.00051985,0.048889,0.0096675,0.076554,0.35743,0.15599000000000002,0.046907
2013-12-15,1.37081,2.3422,3.1931,0.045503,0.93992,0.12897,0.049854,0.18376,0.0085363,0.2856,0.0096715,0.00094687,0.16298,0.7945800000000001,0.153053,1.11962,1.6380000000000001,0.16462000000000002,0.5330600000000001,0.016178,8.274899999999999e-05,0.30785,0.022635,0.0076441,0.030918,4.7182e-05,0.70063,0.17952,0.0045691,0.32834,0.30712,0.48474,0.030422,0.0126974,0.144904,3.5382,0.121949,0.0093427,0.26656,0.60224,0.27219,0.42945,0.096396,0.42599,0.00051723,0.048978,0.0096443,0.076873,0.35886,0.15600999999999998,0.047037
2014-01-15,1.36146,2.3262,3.1714,0.045192,0.91392,0.1289,0.049529,0.18247,0.0086348,0.28616,0.0096344,0.00093675,0.16221,0.78563,0.15414,1.1059999999999999,1.6466,0.16524,0.5303399999999999,0.016104,8.2209e-05,0.30259,0.02221,0.0076495,0.030365,4.7438e-05,0.696,0.17833,0.004503,0.32566,0.30109,0.44983,0.029561,0.012775,0.143652,3.5405,0.12138,0.0094823,0.26675,0.60932,0.27244,0.41916,0.091841,0.4195100000000001,0.00050878,0.04992,0.0093929,0.07562200000000001,0.35593,0.15600999999999998,0.046984
2014-02-15,1.36643,2.3347,3.1829,0.045357,0.90456,0.12889,0.049792,0.18311,0.0087675,0.2844,0.0097915,0.00093315,0.16349,0.78989,0.153977,1.11881,1.6556,0.16441,0.53298,0.016073,8.395e-05,0.30227,0.022299,0.0076432,0.030649000000000006,4.736800000000001e-05,0.6986899999999999,0.17845,0.0044064,0.32746,0.30427,0.45299999999999996,0.028306,0.0128198,0.143655,3.5446,0.121802,0.009510700000000002,0.26671,0.62879,0.27234,0.39809,0.091287,0.42021,0.00048941,0.050710000000000005,0.0092951,0.075223,0.35545,0.15611,0.044885
2014-03-15,1.38268,2.3624,3.2208,0.045897,0.9003200000000001,0.12884,0.050478,0.18526,0.008860600000000001,0.28762,0.0097711,0.00093372,0.16676,0.78909,0.155949,1.13564,1.6622,0.16199000000000002,0.53787,0.016402,8.7625e-05,0.30474,0.022329,0.007655500000000002,0.030892000000000006,4.7415e-05,0.70682,0.18058,0.004437600000000001,0.32916,0.30775,0.4518,0.027682,0.0128719,0.143649,3.5514,0.123059,0.0100096,0.26667,0.63403,0.27229000000000003,0.38497,0.093055,0.4300100000000001,0.00049564,0.051757,0.0091922,0.075794,0.35633000000000004,0.1567,0.044551
2014-04-15,1.38094,2.3595,3.2167,0.045839,0.90981,0.12896,0.050308,0.18497,0.008902799999999999,0.28774,0.0097602,0.00095858,0.16722,0.7968,0.152727,1.13267,1.6745,0.16065,0.54489,0.016569,8.7421e-05,0.30713,0.022418,0.007655500000000002,0.030942,4.731e-05,0.7062,0.18113,0.0044937,0.33007,0.30957,0.47048,0.028024,0.0127225,0.143175,3.5535,0.122958,0.0102412,0.2666,0.62917,0.27221,0.36118,0.094852,0.44807,0.00051611,0.052224,0.0091214,0.07651799999999999,0.35793,0.15492999999999998,0.043776
2014-05-15,1.3734,2.3466,3.1992,0.045589,0.91796,0.12899000000000002,0.050047,0.18401,0.0088708,0.28855,0.0098221,0.0009754,0.1683,0.79893,0.152094,1.12556,1.6843,0.16029000000000002,0.54542,0.016849,8.6634e-05,0.30955,0.02278,0.0076666,0.030732,4.738100000000001e-05,0.70224,0.18082,0.0045118,0.3287,0.3106,0.47845,0.02869,0.0126773,0.141139,3.5503,0.122288,0.0101321,0.26655,0.61754,0.27217,0.34207,0.096014,0.45029,0.00052244,0.050029,0.0090463,0.077324,0.35874,0.15491,0.043423
2014-06-15,1.3594700000000002,2.3228,3.1667,0.045126,0.9233,0.129,0.049529,0.18227,0.0087985,0.28964,0.0097981,0.00098121,0.16544,0.7992,0.149544,1.11629,1.6907,0.16049000000000002,0.54577,0.016738999999999997,8.4097e-05,0.31068,0.022828,0.007674800000000002,0.030767000000000006,4.6953e-05,0.69522,0.17947000000000002,0.004442,0.32867,0.30962,0.4721,0.029089,0.0126068,0.139878,3.5442,0.121317,0.0101475,0.26648,0.60256,0.27212,0.32114000000000004,0.093643,0.44741,0.00052993,0.048035,0.008985799999999999,0.07695700000000001,0.35793,0.15545,0.043494
2014-07-15,1.35287,2.3115,3.1513,0.044907,0.93117,0.12903,0.049247000000000006,0.18143,0.0087401,0.29218,0.0098259,0.00097911,0.16125,0.80467,0.146493,1.11335,1.7065,0.16132,0.54515,0.016649,8.5869e-05,0.31433,0.023015,0.007678,0.031149,4.7192e-05,0.69177,0.17765,0.004366,0.32637,0.30671,0.47178,0.028755000000000006,0.0125693,0.139835,3.5410000000000004,0.12071400000000004,0.0101278,0.26665,0.58378,0.27228,0.29211,0.093782,0.44937,0.00053817,0.047762,0.008899299999999999,0.076959,0.35892,0.15697,0.043524
2014-08-15,1.33095,2.2741,3.1003,0.044179,0.91514,0.12902,0.04783,0.17854,0.0086214,0.28528000000000003,0.0097118,0.00097641,0.16151,0.80088,0.14493499999999998,1.09893,1.6692,0.16252,0.53947,0.016439,8.547299999999999e-05,0.31488,0.022836,0.0076807,0.031242,4.7218e-05,0.68053,0.17442,0.0042375,0.31724,0.30083000000000004,0.46252,0.027627,0.0124912,0.139856,3.5233,0.119208,0.0099837,0.26656,0.57999,0.27216,0.26918000000000003,0.093764,0.4406600000000001,0.00052615,0.047522,0.0088864,0.07609099999999999,0.35521,0.15761,0.042153
2014-09-15,1.28878,2.202,3.002,0.04278,0.90812,0.12899000000000002,0.046736,0.17312,0.0083945,0.27499,0.0093084,0.00096504,0.15738,0.79118,0.140224,1.06711,1.6288,0.1629,0.52959,0.016421,8.406100000000001e-05,0.3106,0.022606,0.0076756,0.03105,4.722e-05,0.65884,0.16909000000000002,0.0041168,0.30774,0.29225,0.45144,0.026272000000000004,0.0123037,0.13986500000000002,3.4872,0.116047,0.009758,0.2667,0.56414,0.27234,0.28515,0.090962,0.42766,0.00050512,0.047522,0.0088866,0.075541,0.34895,0.15746,0.041196
2014-10-15,1.26765,2.1659,2.9528,0.042078,0.89186,0.12891,0.045942,0.17027,0.0082804,0.26817,0.0092557,0.0009426,0.15241,0.78452,0.137995,1.04944,1.6073,0.16326,0.52056,0.016299,8.229e-05,0.30592,0.022315,0.007654899999999998,0.030811,4.7187e-05,0.64794,0.16555,0.0041169,0.30135,0.28712,0.4442100000000001,0.024397,0.0119791,0.139874,3.4617,0.11445,0.0097245,0.26659,0.55481,0.27229000000000003,0.31119,0.090406,0.4082,0.00048811,0.047122,0.0088928,0.07418200000000001,0.344,0.1576,0.040996
2014-11-15,1.24721,2.131,2.9052,0.0414,0.88289,0.12896,0.045064,0.1676,0.0080891,0.26083,0.0085927,0.00091013,0.14668,0.7711899999999999,0.134787,1.03713,1.5767,0.16324,0.51554,0.016207,8.22e-05,0.2988,0.022236,0.0076335,0.03049,4.6931e-05,0.6378199999999999,0.16262,0.0040628,0.29618,0.2816,0.44784,0.021602,0.0117837,0.13985899999999998,3.4366,0.113069,0.0098098,0.26661,0.54518,0.27236,0.31156,0.090188,0.39199,0.00046808,0.047102,0.0088601,0.073402,0.34182,0.15774000000000002,0.041607
2014-12-15,1.23275,2.1063,2.8715,0.04092,0.86711,0.12896,0.044612,0.16568,0.0079922,0.25432,0.0083799,0.00090599,0.13739,0.7602800000000001,0.131047,1.02526,1.5643,0.16153,0.50605,0.015944,8.043300000000001e-05,0.28753,0.022382,0.0076223,0.030397000000000007,4.6617e-05,0.62992,0.16076,0.0039639,0.29215,0.27638,0.43584,0.017583,0.0114985,0.139861,3.4243,0.111944,0.0099064,0.26656,0.53865,0.27238,0.3113,0.08695900000000001,0.37841,0.00042489,0.047426,0.0087815,0.068864,0.33771,0.15727,0.041561
2015-01-15,1.16097,1.9836,2.7043,0.038537,0.8254100000000001,0.12897999999999998,0.04163,0.15605,0.007596800000000002,0.25352,0.0084586,0.00091867,0.13009,0.74752,0.123223,1.06236,1.5141,0.16080999999999998,0.4992,0.016096,7.9467e-05,0.27891,0.022455000000000003,0.0075911,0.030555,4.6771e-05,0.59362,0.15099,0.0036733,0.27165,0.25885,0.4282,0.015485,0.0112084,0.137466,3.4014,0.106669,0.0099212,0.26654,0.52327,0.27254,0.30641,0.086505,0.37948,0.00041643,0.047617,0.008699700000000001,0.06804299999999999,0.33258000000000004,0.15739,0.040897
2015-02-15,1.1349,1.9391,2.6436,0.037672,0.8,0.12894,0.04115,0.15233,0.0075713,0.25658000000000003,0.008420700000000001,0.00090708,0.13177,0.73798,0.119674,1.06805,1.5327,0.15994,0.49113,0.016131,7.8227e-05,0.27788,0.02262,0.0075273,0.030695,4.6903e-05,0.58048,0.14725,0.0037024,0.27185,0.25613,0.40554,0.015544,0.0106363,0.1317,3.3848,0.104832,0.0098559,0.2666,0.5178,0.27233,0.29219,0.086357,0.3549,0.00041241,0.047619,0.0086585,0.06702899999999999,0.3248,0.15767,0.040618
2015-03-15,1.08152,1.8479,2.5193,0.0359,0.79245,0.12889,0.039497,0.14501,0.0072986000000000014,0.25015,0.008304899999999999,0.0008976000000000002,0.12502,0.72614,0.117011,1.02046,1.4954,0.16027,0.48794,0.016003,7.6506e-05,0.27168000000000003,0.022456,0.007511,0.030642000000000006,4.6537e-05,0.5535,0.14149,0.0035622,0.26208000000000004,0.24385,0.38547,0.016608,0.010357,0.13156199999999998,3.3412,0.100946,0.0098159,0.26649,0.50958,0.27213000000000004,0.27307,0.082716,0.31827,0.00038567,0.04705,0.0086863,0.065621,0.32333,0.15755,0.039548
2015-04-15,1.08112,1.8472,2.5183,0.035886,0.81095,0.12902,0.039403,0.1448,0.0073666,0.2543,0.0083654,0.0009211,0.12694,0.7416699999999999,0.115763,1.04158,1.4965,0.16124000000000002,0.49095,0.015954,7.7309e-05,0.27532,0.022525,0.0075122,0.03074,4.6301e-05,0.5524,0.14245,0.003607500000000001,0.26882,0.24489,0.3763,0.018967,0.0102075,0.131582,3.3147,0.100831,0.0098226,0.26664,0.51185,0.27227,0.26052,0.08341599999999999,0.32907,0.00040178,0.046569,0.008710299999999999,0.06572599999999999,0.32059,0.15769,0.038015
2015-05-15,1.11455,1.9043,2.5962,0.036996,0.8206899999999999,0.12897999999999998,0.040669,0.14938,0.0075378,0.25871,0.008273,0.00091398,0.13217,0.74888,0.119806,1.07202,1.5441,0.1612,0.49336,0.015697,7.6079e-05,0.27766,0.022421,0.007481999999999998,0.029816,4.5918e-05,0.56985,0.14745999999999998,0.0036366,0.27305,0.25066,0.3777,0.01973,0.0101658,0.131305,3.3132,0.10268,0.0098151,0.2667,0.5168,0.27233,0.25226,0.083467,0.32656,0.00040923,0.045745,0.0086584,0.065412,0.31742,0.1576,0.037712
2015-06-15,1.1223299999999998,1.9176,2.6143,0.037255,0.80867,0.12897999999999998,0.041075,0.15045,0.0075653,0.26193,0.0080824,0.00089775,0.12797999999999998,0.74311,0.120978,1.07267,1.5572,0.16114,0.48466,0.015678,7.513e-05,0.26743,0.022204,0.0074593,0.029646,4.5872e-05,0.5738300000000001,0.14825,0.0035951,0.26968000000000003,0.25111999999999995,0.37039,0.018308,0.0101488,0.131081,3.3076,0.103149,0.0098187,0.26644,0.51544,0.27206,0.23215,0.081338,0.32129,0.0003906,0.046071,0.008659299999999998,0.064595,0.31631,0.15671,0.037278
2015-07-15,1.09968,1.8789,2.5616,0.036503,0.77733,0.129,0.040599,0.14739000000000002,0.007458499999999998,0.26399,0.0081104,0.00087164,0.12294,0.73444,0.117114,1.04744,1.5557,0.16105999999999998,0.47392,0.015721000000000002,7.473e-05,0.26277,0.022082,0.0074753,0.029104,4.5825e-05,0.56208,0.14499,0.0035333,0.26483,0.24794,0.37022,0.017375,0.0100414,0.127924,3.3018,0.101888,0.0098198,0.26657,0.50807,0.27223,0.27811,0.080214,0.30962,0.0003636,0.046052,0.0086655,0.062697,0.31419,0.15658,0.03623
2015-08-15,1.1141,1.9035,2.5951,0.036981,0.76053,0.12897999999999998,0.041204000000000005,0.14929,0.0075949,0.26,0.0081323,0.00084818,0.12112,0.71462,0.116978,1.0324,1.5574,0.15759,0.46906,0.015346,7.2428e-05,0.2453,0.021604,0.0074593,0.028216,4.5019e-05,0.56984,0.14749,0.0035734,0.26528,0.25184,0.34976,0.015202,0.0096494,0.127753,3.3048,0.102588,0.0097534,0.2665,0.51125,0.27219,0.24603000000000005,0.077428,0.28417,0.00032975,0.045958,0.008532799999999998,0.060395,0.30846,0.15787,0.035093
2015-09-15,1.12273,1.9183,2.6153,0.037268,0.75375,0.12903,0.041427,0.15049,0.0078078,0.25554,0.0083234,0.00084371,0.12065,0.7067,0.119504,1.02816,1.5336,0.15702,0.46467,0.015111,6.929999999999999e-05,0.23198,0.021396,0.0071747,0.027759,4.4506e-05,0.57421,0.14798,0.0035854,0.26614,0.25396,0.33162,0.015015,0.0094438,0.12775,3.3108,0.10303,0.0095816,0.26674000000000003,0.5101899999999999,0.27238,0.25694,0.073299,0.25614000000000003,0.00032535,0.045999,0.008455599999999999,0.059378,0.31072,0.15768,0.03474
2015-10-15,1.12253,1.9180000000000001,2.6148,0.037261,0.76495,0.12903,0.041424,0.15047,0.007905800000000001,0.25865,0.0083295,0.00087397,0.12087,0.71395,0.120004,1.03219,1.5341,0.15746,0.47132,0.015378,7.2513e-05,0.23476,0.021569,0.007091800000000001,0.028021,4.4767e-05,0.57338,0.14737,0.0036074,0.26399,0.25386,0.34195,0.015819999999999997,0.009446,0.12604400000000002,3.3088,0.102987,0.0095634,0.26673,0.50813,0.27235,0.26265,0.07409099999999999,0.25804,0.00034162,0.04573,0.008391500000000001,0.060341999999999986,0.30795,0.15745,0.034135000000000006
2015-11-15,1.07186,1.8314,2.4968,0.035579,0.7529899999999999,0.12902,0.039643,0.14367,0.007612399999999998,0.25716,0.0081541,0.00086597,0.11568,0.70715,0.115093,0.98957,1.5188,0.15695,0.46703,0.015122,7.3076e-05,0.23189,0.021241,0.007031100000000001,0.027938,4.4463999999999986e-05,0.5483600000000001,0.14093,0.0034332,0.25199,0.24111,0.34763,0.015372,0.0092802,0.12643800000000002,3.2897,0.100139,0.0094802,0.2665,0.4909,0.27224,0.262,0.07064,0.2642,0.00033196,0.045898,0.008370200000000001,0.060134,0.29943000000000003,0.15694,0.033906
2015-12-15,1.08823,1.8594,2.5349,0.036123,0.72968,0.12902,0.040268,0.14585,0.0077005,0.25792,0.0082168,0.00085105,0.1149,0.71008,0.117615,1.00441,1.4983,0.15500999999999998,0.46714,0.015031,7.2301e-05,0.23371,0.02119,0.0069675,0.027773000000000003,4.4403e-05,0.5566399999999999,0.14246,0.0034597,0.25332,0.24166,0.34217,0.014281,0.0093236,0.127775,3.2932,0.100974,0.0095445,0.26649,0.49304,0.27224,0.26225,0.066696,0.25755,0.00030718,0.046257,0.0083537,0.05860700000000001,0.29562,0.15673,0.033641000000000004
2016-01-15,1.08558,1.8548,2.5287,0.036035000000000005,0.70308,0.12849000000000002,0.040163,0.14548,0.0076705,0.25301,0.008460700000000002,0.00083042,0.11327,0.69784,0.116932,0.99185,1.4382,0.15211,0.46833,0.014846000000000003,7.1959e-05,0.23024,0.021025,0.0069467,0.02767,4.468e-05,0.55532,0.14173,0.0034527,0.24603000000000005,0.23951,0.33196,0.012958,0.0093117,0.127752,3.2903,0.100825,0.0095352,0.26667,0.48905,0.27243,0.25574,0.061141,0.24659,0.00030336,0.044701,0.0083079,0.055317999999999985,0.29075,0.15589,0.032597
2016-02-15,1.10912,1.895,2.5836,0.036816,0.7248399999999999,0.12847999999999998,0.041024,0.14862,0.0077936,0.25585,0.008724299999999999,0.00082163,0.11608,0.71158,0.117899,1.00784,1.4286,0.15263,0.46872,0.014651,7.4042e-05,0.23914,0.020998,0.0069373,0.028082,4.483e-05,0.56729,0.14526,0.0035743000000000007,0.25224,0.24744,0.33973000000000003,0.012957,0.0093839,0.12778299999999998,3.3342,0.102184,0.0095505,0.26652,0.49417,0.27217,0.252,0.063427,0.2522,0.00029782,0.044456,0.0082486,0.054249,0.28505,0.15444000000000002,0.031661
2016-03-15,1.11295,1.9016,2.5925,0.036943,0.75608,0.12885,0.041143,0.14926,0.0078984,0.25884,0.0088555,0.00084509,0.11795,0.72852,0.119858,1.01891,1.4252,0.15375999999999998,0.47869,0.014947,7.5775e-05,0.24574,0.021472,0.0068665,0.028395,4.4779e-05,0.56888,0.14724,0.0035743000000000007,0.25934,0.24917,0.34665,0.014257,0.0091804,0.118252,3.3169,0.102406,0.0095479,0.2663,0.4939,0.27193,0.25868,0.06500399999999999,0.27039,0.00031988,0.044384,0.008224700000000001,0.056697,0.2935,0.15238,0.031022000000000008
2016-04-15,1.1345,1.9384,2.6427,0.037658,0.78012,0.12893,0.041974,0.15245,0.008080500000000001,0.26513000000000003,0.0091287,0.00087196,0.1218,0.7408100000000001,0.123251,1.0379,1.4316,0.15439,0.48505,0.015050999999999997,7.593e-05,0.25639,0.021563,0.006862899999999999,0.028511,4.4874e-05,0.57985,0.15138,0.003643,0.263,0.2537,0.35291,0.015041,0.0092019,0.112793,3.3146,0.103619,0.0095464,0.26658000000000004,0.49723,0.27223,0.26159,0.06851,0.28059,0.0003344,0.044407,0.008196799999999999,0.057199,0.30308,0.15158,0.031683
2016-05-15,1.13075,1.932,2.6339,0.037534,0.77267,0.1288,0.041844,0.15200999999999998,0.0080906,0.26231,0.0091796,0.00085096,0.12152,0.73005,0.121708,1.02263,1.4531,0.15315,0.47722,0.014951,7.465e-05,0.24741,0.021368,0.0068177,0.028231,4.4888e-05,0.57802,0.15083,0.003595300000000001,0.25669000000000003,0.25136,0.3403,0.015181,0.0091118,0.112822,3.3160000000000003,0.103407,0.0095473,0.26658000000000004,0.48768,0.27226,0.26074,0.065208,0.28236,0.00033334,0.044388,0.0080859,0.05513200000000002,0.29991,0.15050999999999998,0.031755
2016-06-15,1.12296,1.9187,2.6158,0.037276,0.77546,0.12883,0.041514,0.15099,0.0081054,0.25922,0.0094916,0.00085762,0.12034,0.7388600000000001,0.120374,1.03135,1.4178,0.1517,0.48104,0.014864,7.5039e-05,0.24508,0.021522,0.0068393,0.02835,4.4693e-05,0.5745600000000001,0.14939000000000002,0.0035789000000000007,0.25547,0.2484,0.34341,0.015381,0.0090795,0.112758,3.315,0.102929,0.0095565,0.26649,0.46383,0.27215,0.25452,0.06640900000000001,0.29209,0.00033489,0.044232,0.0079734,0.053597000000000006,0.30181,0.15017,0.032438
2016-07-15,1.10539,1.8887,2.5749,0.036692,0.76627,0.12892,0.040894,0.14859,0.008194,0.25918,0.0095974,0.00087567,0.11793,0.73997,0.116633,1.01729,1.3132,0.14970999999999998,0.48139,0.014886000000000003,7.6358e-05,0.24885,0.021238,0.006856699999999999,0.028529,4.4749e-05,0.56479,0.14761,0.0035187,0.25154,0.24659,0.33665,0.01552,0.0090359,0.112675,3.3081,0.101818,0.0095416,0.26648,0.4513,0.27215,0.25298000000000004,0.069451,0.30502,0.00033656,0.044082,0.0078983,0.053713,0.3026,0.14963,0.032988
2016-08-15,1.12075,1.9149,2.6106,0.037202,0.76956,0.12894,0.041473,0.15062,0.0084791,0.26316,0.0098817,0.00090009,0.12057,0.7418,0.118128,1.0295299999999998,1.3095,0.15041,0.48473,0.014943,7.5975e-05,0.24845,0.021464,0.006873399999999999,0.028799,4.4879e-05,0.5717899999999999,0.14972,0.0036141,0.26067,0.25133,0.33789,0.015416,0.0091223,0.112702,3.3144,0.102734,0.0095516,0.26664,0.4541,0.27229000000000003,0.25277,0.072555,0.31188,0.00033873,0.043897000000000005,0.0078831,0.054172000000000005,0.29989,0.14928,0.034556
2016-09-15,1.12172,1.9166,2.6129,0.037234,0.76285,0.12892,0.041512,0.15061,0.0087148,0.2656,0.0098244,0.00090146,0.12197,0.73568,0.117196,1.02739,1.3137,0.14989,0.48437,0.014985,7.6318e-05,0.24338,0.02099,0.0068607,0.028796,4.479e-05,0.5734199999999999,0.14957,0.0036344,0.25968,0.25212,0.33675,0.015533000000000003,0.0091479,0.112637,3.3137,0.10288,0.0095637,0.26639,0.45401,0.27211,0.25196,0.071257,0.30744,0.00034316,0.044042000000000005,0.0078451,0.05196,0.2958,0.14925,0.034694
2016-10-15,1.10127,1.8816,2.5653,0.036556,0.75463,0.12891,0.040754000000000005,0.14802,0.008754000000000001,0.26162,0.0096244,0.00088559,0.12232,0.7221,0.113344,1.01251,1.2325,0.14853,0.48281,0.014981,7.685899999999999e-05,0.23941,0.02069,0.0067997,0.028518,4.4862e-05,0.56314,0.1467,0.003585,0.25544,0.24503000000000005,0.32483,0.015961000000000003,0.0090676,0.112612,3.3043,0.10167,0.0095537,0.26659,0.44682,0.27229000000000003,0.25204,0.071771,0.31396,0.00034006,0.044167000000000005,0.007785600000000002,0.052928,0.29537,0.14936,0.035531
2016-11-15,1.07762,1.8412,2.5102,0.03577,0.74416,0.12893,0.039862,0.14482,0.0088883,0.2603,0.0092006,0.00085892,0.1187,0.70834,0.109477,1.00268,1.2432,0.14606,0.48045,0.014769999999999997,7.5109e-05,0.23054,0.020296,0.0067458,0.028284,4.4469e-05,0.5518,0.14327,0.0034868000000000004,0.24513,0.23892,0.30316,0.015528,0.0090373,0.062706,3.2896,0.10029,0.0095437,0.26662,0.43976,0.27236,0.24707,0.071773,0.29941,0.0003218,0.043641,0.0077361,0.049886,0.29401,0.14882,0.035212
2016-12-15,1.05475,1.8021,2.4569,0.035011,0.75022,0.12889,0.039008,0.14185,0.0088741,0.26112,0.008626,0.00084521,0.11688,0.6967,0.108605,0.98128,1.2491,0.14447000000000002,0.47327,0.014747,7.4646e-05,0.2243,0.020096,0.0067053,0.027945,4.4e-05,0.5393899999999999,0.13985,0.0033746,0.23771,0.23348,0.28587,0.016142,0.0090216,0.054208000000000006,3.2749,0.098966,0.0095425,0.26657,0.43283,0.27242,0.23629,0.07224900000000001,0.29774,0.00033278,0.043133,0.007749,0.048799,0.29437,0.14861,0.034743
